{"cameraMode":{"drawMode":0,"name":"Shaded","section":"Shading Mode"},"sceneLighting":false,"audioPlay":false,"sceneViewState":{"showFog":true,"showMaterialUpdate":false,"showSkybox":false,"showFlares":true,"showImageEffects":true,"showParticleSystems":true,"showVisualEffectGraphs":true,"m_FxEnabled":true},"in2DMode":false,"pivot":{"x":0.1254749596118927,"y":0.7116212844848633,"z":1.436596155166626},"rotation":{"x":0.030176328495144845,"y":-0.9201174378395081,"z":0.07710155099630356,"w":0.38465380668640139},"size":0.14533697068691255,"orthographic":false}