{"cameraMode":{"drawMode":0,"name":"Shaded","section":"Shading Mode"},"sceneLighting":false,"audioPlay":false,"sceneViewState":{"showFog":true,"showMaterialUpdate":false,"showSkybox":false,"showFlares":true,"showImageEffects":true,"showParticleSystems":true,"showVisualEffectGraphs":true,"m_FxEnabled":true},"in2DMode":false,"pivot":{"x":0.051064345985651019,"y":-0.01995823159813881,"z":-0.13121184706687928},"rotation":{"x":0.035528067499399188,"y":-0.7846633195877075,"z":0.049559734761714938,"w":0.61810302734375},"size":0.04442085698246956,"orthographic":false}