{"cameraMode":{"drawMode":0,"name":"Shaded","section":"Shading Mode"},"sceneLighting":false,"audioPlay":false,"sceneViewState":{"showFog":true,"showMaterialUpdate":false,"showSkybox":false,"showFlares":true,"showImageEffects":true,"showParticleSystems":true,"showVisualEffectGraphs":true,"m_FxEnabled":true},"in2DMode":false,"pivot":{"x":-0.4993259310722351,"y":0.7371031641960144,"z":1.2923805713653565},"rotation":{"x":0.06517694145441055,"y":0.7744205594062805,"z":0.07832465320825577,"w":-0.6255592107772827},"size":0.24651652574539185,"orthographic":false}