{"cameraMode":{"drawMode":0,"name":"Shaded","section":"Shading Mode"},"sceneLighting":false,"audioPlay":false,"sceneViewState":{"showFog":true,"showMaterialUpdate":false,"showSkybox":false,"showFlares":true,"showImageEffects":true,"showParticleSystems":true,"showVisualEffectGraphs":true,"m_FxEnabled":true},"in2DMode":false,"pivot":{"x":0.3076486885547638,"y":0.01613767072558403,"z":-0.049484461545944217},"rotation":{"x":0.02937043271958828,"y":0.418440043926239,"z":-0.008731567300856114,"w":0.9085999131202698},"size":1.0141159296035767,"orthographic":false}