{"cameraMode":{"drawMode":0,"name":"Shaded","section":"Shading Mode"},"sceneLighting":true,"audioPlay":false,"sceneViewState":{"showFog":true,"showMaterialUpdate":false,"showSkybox":true,"showFlares":true,"showImageEffects":true,"showParticleSystems":true,"showVisualEffectGraphs":true,"m_FxEnabled":true},"in2DMode":false,"pivot":{"x":0.8767609596252441,"y":1.6658259630203248,"z":2.599323272705078},"rotation":{"x":-0.004890391603112221,"y":0.9916580319404602,"z":-0.09679590165615082,"w":-0.09332696348428726},"size":0.05193901062011719,"orthographic":false}