{"cameraMode":{"drawMode":0,"name":"Shaded","section":"Shading Mode"},"sceneLighting":true,"audioPlay":false,"sceneViewState":{"showFog":true,"showMaterialUpdate":false,"showSkybox":true,"showFlares":true,"showImageEffects":true,"showParticleSystems":true,"showVisualEffectGraphs":true,"m_FxEnabled":true},"in2DMode":false,"pivot":{"x":1.6540504693984986,"y":2.219719886779785,"z":4.684125900268555},"rotation":{"x":0.004694670904427767,"y":0.9915546178817749,"z":-0.1268748641014099,"w":0.04581678286194801},"size":1.3342190980911255,"orthographic":false}