{"cameraMode":{"drawMode":0,"name":"Shaded","section":"Shading Mode"},"sceneLighting":true,"audioPlay":false,"sceneViewState":{"showFog":true,"showMaterialUpdate":false,"showSkybox":true,"showFlares":true,"showImageEffects":true,"showParticleSystems":true,"showVisualEffectGraphs":true,"m_FxEnabled":true},"in2DMode":false,"pivot":{"x":-1.641518473625183,"y":1.4467651844024659,"z":-0.5333981513977051},"rotation":{"x":-0.031405918300151828,"y":-0.04732344672083855,"z":-0.0028600343503057958,"w":-0.9993303418159485},"size":0.8660253882408142,"orthographic":false}