{"cameraMode":{"drawMode":0,"name":"Shaded","section":"Shading Mode"},"sceneLighting":true,"audioPlay":false,"sceneViewState":{"showFog":true,"showMaterialUpdate":false,"showSkybox":true,"showFlares":true,"showImageEffects":true,"showParticleSystems":true,"showVisualEffectGraphs":true,"m_FxEnabled":true},"in2DMode":false,"pivot":{"x":0.05259442701935768,"y":-1.6138830184936524,"z":11.437695503234864},"rotation":{"x":0.009860759600996971,"y":-0.988845944404602,"z":0.11283674836158753,"w":0.1039925143122673},"size":0.35193902254104617,"orthographic":false}