{"cameraMode":{"drawMode":0,"name":"Shaded","section":"Shading Mode"},"sceneLighting":true,"audioPlay":false,"sceneViewState":{"showFog":true,"showMaterialUpdate":false,"showSkybox":true,"showFlares":true,"showImageEffects":true,"showParticleSystems":true,"showVisualEffectGraphs":true,"m_FxEnabled":true},"in2DMode":false,"pivot":{"x":-65.57015228271485,"y":8.194694519042969,"z":49.079551696777347},"rotation":{"x":0.00999807845801115,"y":0.25848671793937685,"z":0.0032431494910269977,"w":-0.9665045142173767},"size":27.52165985107422,"orthographic":false}