{"cameraMode":{"drawMode":0,"name":"Shaded","section":"Shading Mode"},"sceneLighting":true,"audioPlay":false,"sceneViewState":{"showFog":true,"showMaterialUpdate":false,"showSkybox":true,"showFlares":true,"showImageEffects":true,"showParticleSystems":true,"showVisualEffectGraphs":true,"m_FxEnabled":true},"in2DMode":false,"pivot":{"x":-1.8154518604278565,"y":2.3896846771240236,"z":0.036822471767663959},"rotation":{"x":-0.0020095044746994974,"y":0.9893298149108887,"z":-0.15013398230075837,"w":-0.004981253761798143},"size":1.3342190980911255,"orthographic":false}