{"cameraMode":{"drawMode":0,"name":"Shaded","section":"Shading Mode"},"sceneLighting":true,"audioPlay":false,"sceneViewState":{"showFog":true,"showMaterialUpdate":false,"showSkybox":true,"showFlares":true,"showImageEffects":true,"showParticleSystems":true,"showVisualEffectGraphs":true,"m_FxEnabled":true},"in2DMode":false,"pivot":{"x":0.9317984580993652,"y":0.3098909854888916,"z":4.622948169708252},"rotation":{"x":0.20292741060256959,"y":0.0984245091676712,"z":-0.019474824890494348,"w":0.9744598269462586},"size":3.4266343116760256,"orthographic":false}