{"cameraMode":{"drawMode":0,"name":"Shaded","section":"Shading Mode"},"sceneLighting":true,"audioPlay":false,"sceneViewState":{"showFog":true,"showMaterialUpdate":false,"showSkybox":true,"showFlares":true,"showImageEffects":true,"showParticleSystems":true,"showVisualEffectGraphs":true,"m_FxEnabled":true},"in2DMode":false,"pivot":{"x":-0.9512465596199036,"y":1.693766474723816,"z":0.013514397665858269},"rotation":{"x":0.13415659964084626,"y":0.07608412951231003,"z":-0.008215122856199742,"w":0.9886788129806519},"size":0.12131162732839585,"orthographic":false}