{"cameraMode":{"drawMode":0,"name":"Shaded","section":"Shading Mode"},"sceneLighting":true,"audioPlay":false,"sceneViewState":{"showFog":true,"showMaterialUpdate":false,"showSkybox":true,"showFlares":true,"showImageEffects":true,"showParticleSystems":true,"showVisualEffectGraphs":true,"m_FxEnabled":true},"in2DMode":false,"pivot":{"x":-0.9675418138504028,"y":0.5212110877037048,"z":3.425769090652466},"rotation":{"x":0.15115796029567719,"y":0.6084327101707459,"z":-0.1162213385105133,"w":0.7712002396583557},"size":0.10510041564702988,"orthographic":false}