{"cameraMode":{"drawMode":0,"name":"Shaded","section":"Shading Mode"},"sceneLighting":false,"audioPlay":false,"sceneViewState":{"showFog":true,"showMaterialUpdate":false,"showSkybox":false,"showFlares":true,"showImageEffects":true,"showParticleSystems":true,"showVisualEffectGraphs":true,"m_FxEnabled":true},"in2DMode":false,"pivot":{"x":0.054067306220531467,"y":0.009271740913391114,"z":-0.004811272025108337},"rotation":{"x":0.030714523047208787,"y":0.8812023997306824,"z":-0.04824110120534897,"w":0.4709382951259613},"size":0.35193899273872378,"orthographic":false}